date,open,high,low,close,rsi
2015-08-31,1490.0,1498.0,1032.199951171875,1211.75,100.0
2015-09-30,1209.949951171875,1248.0,997.2999877929688,1021.0999755859376,0.0
2015-10-31,1030.0,1169.0,1011.0,1075.800048828125,24.871572665467994
2015-11-30,1078.0,1154.0,875.0,960.0,15.471860841636513
2015-12-31,951.0,1285.0,915.0,1131.9000244140625,48.687822917550776
2016-01-31,1135.5,1230.0,911.0999755859376,1000.8499755859376,36.18125148699478
2016-02-29,1012.5999755859376,1017.5,711.5,803.1500244140625,25.002049469265913
2016-03-31,815.4000244140625,954.5,807.2999877929688,860.0499877929688,31.981301313528974
2016-04-30,856.0999755859375,944.0,826.0499877929688,868.25,33.0178012803363
2016-05-31,886.9500122070312,1017.0,818.2999877929688,832.9500122070312,30.694480265164145
2016-06-30,835.0,900.0,801.0,871.6500244140625,36.359232668496006
2016-07-31,873.5,907.0,809.0,813.5999755859375,31.85309788389904
2016-08-31,812.0,830.0,688.0,730.75,26.454027681473306
2016-09-30,732.4500122070312,858.0,702.0999755859375,819.4500122070312,39.1873183920684
2016-10-31,825.0,940.0,812.9500122070312,868.0,45.181404991994555
2016-11-30,876.5,876.9500122070312,684.0999755859375,731.4000244140625,34.2285609694686
2016-12-31,721.5,780.0,650.0,707.5,32.63157592512364
2017-01-31,694.0,830.5,694.0,816.5999755859375,45.92121900092912
2017-02-28,825.9500122070312,832.0,741.5499877929688,767.0,41.614861340333164
2017-03-31,780.0,819.0,710.0,779.5999755859375,43.176780921981326
2017-04-30,768.0,902.5999755859376,768.0,826.7000122070312,49.05514076965687
2017-05-31,826.7000122070312,1110.0,812.0499877929688,1071.5999755859375,68.56513987091836
2017-06-30,1079.5999755859375,1204.9000244140625,950.0999755859376,974.5,58.34335794452438
2017-07-31,976.0,1001.3499755859376,871.0,909.4000244140624,52.31051707702069
2017-08-31,920.0,930.0,860.0,884.4000244140625,50.01875052322512
2017-09-30,890.0,935.7000122070312,840.4000244140625,860.9000244140625,47.74978176806842
2017-10-31,860.9000244140625,1000.5,850.0,937.5499877929688,55.36920796752655
2017-11-30,925.0499877929688,967.0,825.5,927.5999755859376,54.18568072096049
2017-12-31,927.5499877929688,980.0,883.5999755859375,957.7000122070312,57.36659036960896
2018-01-31,965.0,1263.949951171875,950.0499877929688,1019.9000244140624,63.42197459674978
2018-02-28,1021.4000244140624,1133.0,896.5499877929688,1073.25,67.92996273577398
2018-03-31,1105.0,1105.0,963.5499877929688,1048.25,63.68610436273075
2018-04-30,1050.0,1233.800048828125,966.5999755859376,1199.800048828125,74.72905210082898
2018-05-31,1199.800048828125,1238.9000244140625,958.0499877929688,963.9500122070312,48.335172837101275
2018-06-30,966.5,1010.9000244140624,830.25,855.9000244140625,40.730652870004114
2018-07-31,860.5999755859375,921.0,833.0,882.7000122070312,43.284349070676235
2018-08-31,883.0,1083.949951171875,865.0,1013.5499877929688,54.36210204356706
2018-09-30,1007.6500244140624,1038.0,681.8499755859375,732.9000244140625,36.64747362034401
2018-10-31,735.0,765.3499755859375,653.7000122070312,746.75,37.801583238610235
2018-11-30,750.75,858.7999877929688,665.2000122070312,670.4500122070312,33.87847458115347
2018-12-31,670.9500122070312,798.8499755859375,616.75,763.7000122070312,42.31994820115961
2019-01-31,771.0,771.0499877929688,675.0,689.75,37.89329872924984
2019-02-28,698.9500122070312,756.9500122070312,648.7000122070312,709.0,39.785095156085994
2019-03-31,698.0,798.5999755859375,661.6500244140625,718.0999755859375,40.76919903516657
2019-04-30,723.6500244140625,731.1500244140625,648.0,652.1500244140625,35.86736533141041
2019-05-31,652.1500244140625,675.0,523.0,623.1500244140625,33.805120118767164
2019-06-30,611.0,619.5999755859375,475.0,543.25,28.58098053074208
2019-07-31,540.0,583.7999877929688,390.0,400.0499877929688,21.659188820933238
2019-08-31,400.0499877929688,409.7000122070313,300.20001220703125,365.0,20.272612305979152
2019-09-30,365.0,412.2000122070313,335.6000061035156,398.8999938964844,25.588792126956434
2019-10-31,399.0,430.1499938964844,335.54998779296875,415.7999877929688,28.337441065217774
2019-11-30,415.0499877929688,428.7999877929688,336.20001220703125,351.3500061035156,24.3754168223072
2019-12-31,357.0,371.9500122070313,306.0,363.2000122070313,26.553971663667298
2020-01-31,370.8500061035156,448.2000122070313,344.04998779296875,352.20001220703125,25.75916890156796
2020-02-29,352.20001220703125,360.0,270.04998779296875,278.8999938964844,20.94005669721078
2020-03-31,280.3999938964844,293.70001220703125,93.6999969482422,116.5999984741211,14.168153133882285
2020-04-30,122.4000015258789,181.1000061035156,120.4000015258789,149.89999389648438,20.27217918332569
2020-05-31,149.89999389648438,160.14999389648438,125.0,160.14999389648438,22.236318689462365
2020-06-30,168.14999389648438,301.6499938964844,168.14999389648438,234.0500030517578,35.46271829673836
2020-07-31,242.0,242.0,192.1000061035156,205.3500061035156,32.95128069745563
2020-08-31,209.6000061035156,252.8000030517578,202.1000061035156,224.0,36.33205332734028
2020-09-30,216.1499938964844,233.0,198.0,218.3999938964844,35.70824425466992
2020-10-31,217.5500030517578,234.8999938964844,206.5,213.0500030517578,35.04495989541725
2020-11-30,211.25,266.45001220703125,204.6999969482422,256.3999938964844,44.656288361447956
2020-12-31,257.0,324.3999938964844,237.9499969482422,275.0,48.43381511643753
2021-01-31,275.0,379.0,266.0,320.25,56.72521064946254
2021-02-28,321.0,359.75,299.29998779296875,303.54998779296875,53.090063556263395
2021-03-31,304.0,353.8999938964844,263.8999938964844,296.25,51.42781043151859
2021-04-30,299.1000061035156,304.0,232.9499969482422,268.1499938964844,45.14916672084028
2021-05-31,268.0,331.04998779296875,260.6000061035156,305.29998779296875,53.76068011917546
2021-06-30,306.5,391.0,295.1499938964844,335.04998779296875,59.61872163855438
2021-07-31,343.0,548.2999877929688,330.04998779296875,493.9500122070313,77.32376185998768
2021-08-31,497.3999938964844,518.0,395.0,429.9500122070313,64.23515188474678
2021-09-30,421.3999938964844,493.75,412.0499877929688,457.5499877929688,67.01353988715299
2021-10-31,450.25,575.2000122070312,447.2999877929688,501.0499877929688,71.09683177843289
2021-11-30,501.1000061035156,530.3499755859375,444.6000061035156,452.7000122070313,61.35618159297337
2021-12-31,458.5,486.25,403.3999938964844,426.6499938964844,56.54050756298436
2022-01-31,435.0,511.7999877929688,419.5499877929688,429.6000061035156,56.98168756099393
2022-02-28,439.0,450.0,344.79998779296875,357.0,44.23134025792553
2022-03-31,357.0,377.8999938964844,316.5,350.29998779296875,43.20195729924083
2022-04-30,355.0,424.0,354.29998779296875,383.4500122070313,49.86325950013398
2022-05-31,376.0,384.4500122070313,303.0,311.79998779296875,38.57932033998839
2022-06-30,314.25,323.6499938964844,243.0,270.95001220703125,33.580268892892875
2022-07-31,271.8999938964844,316.0,267.04998779296875,302.8500061035156,40.52440944208914
2022-08-31,309.0,344.0,283.6000061035156,332.20001220703125,46.46617074985321
2022-09-30,332.20001220703125,396.0,326.0,361.0,51.906158487490295
2022-10-31,369.9500122070313,400.25,334.0,349.29998779296875,49.54610913831062
2022-11-30,354.45001220703125,359.45001220703125,307.0,354.8999938964844,50.781989253876034
2022-12-31,354.8999938964844,367.0,296.25,321.20001220703125,43.40018777775737
2023-01-31,325.04998779296875,338.0,286.0,297.1499938964844,38.760624800154204
2023-02-28,308.0,315.0,260.54998779296875,263.1499938964844,33.005178976523865
2023-03-31,265.04998779296875,296.0,239.4499969482422,254.3000030517578,31.596105725170872
2023-04-30,257.45001220703125,346.0,253.0500030517578,336.20001220703125,53.01509140625162
2023-05-31,336.20001220703125,373.8500061035156,318.25,321.95001220703125,49.87950325986306
2023-06-30,324.8999938964844,366.5,316.1000061035156,332.1000061035156,52.20288211654776
2023-07-31,330.1499938964844,375.2000122070313,317.54998779296875,358.29998779296875,58.00146561007902
2023-08-31,358.54998779296875,398.5499877929688,349.3500061035156,369.2999877929688,60.33273299907973
2023-09-30,374.0,374.0,335.70001220703125,345.1000061035156,52.88144234444826
2023-10-31,345.1000061035156,379.8500061035156,319.79998779296875,360.3500061035156,56.76407229733153
2023-11-30,367.3999938964844,367.3999938964844,330.6499938964844,339.8500061035156,50.33122243378863
2023-12-31,340.25,351.79998779296875,309.0,336.79998779296875,49.37072573929291
2024-01-31,339.95001220703125,375.8999938964844,321.0,355.6000061035156,55.421213301599195
2024-02-29,359.0,385.4500122070313,329.95001220703125,340.29998779296875,49.8293623706233
2024-03-31,342.29998779296875,356.0,303.0,309.95001220703125,40.4808329619404
2024-04-30,308.0,383.0,308.0,361.1499938964844,56.402241771284004
2024-05-31,361.1499938964844,387.0,283.0,290.3999938964844,39.538624121483764
2024-06-30,300.0,518.0,267.1499938964844,444.1499938964844,65.44483645420033
2024-07-31,448.9500122070313,699.4500122070312,442.2999877929688,587.1500244140625,76.32928076178175
2024-08-31,587.1500244140625,590.0,476.0,510.0499877929688,63.82279027850914
2024-09-30,502.1000061035156,524.9000244140625,425.25,450.4500122070313,55.684747869792076
2024-10-31,447.3999938964844,469.3999938964844,376.5,398.9500122070313,49.40394907808752
2024-11-30,417.6000061035156,418.9500122070313,333.0,346.54998779296875,43.626910717811604
2024-12-31,346.1000061035156,414.0,340.5,343.54998779296875,43.29248950435987
2025-01-31,337.0,353.79998779296875,266.29998779296875,270.79998779296875,35.64675797135516
2025-02-28,266.0,313.20001220703125,240.0,250.1999969482422,33.702090875760746
2025-03-31,248.1000061035156,259.8500061035156,212.9499969482422,234.6499938964844,32.17335338752575
2025-04-30,233.0,301.82000732421875,204.42999267578125,260.9100036621094,37.6814986199746
2025-05-31,256.29998779296875,371.0,232.3999938964844,335.6000061035156,50.79526473034828
2025-06-30,334.8999938964844,439.7000122070313,314.0,439.7000122070313,63.236499329506245
2025-07-31,448.4500122070313,463.0,406.75,422.3999938964844,60.31230506161857
